Text,Label,,
"Hello everyone!!
Stay in home
Stay safe
Be aware of corona
You can whatsap for any querry regarding features of corona virus .
0300-9856868 @ La Chirurgie Islamabad https://t.co/wKf5vxAlA8",F,,
"How many people died from #corona so far?Checked it is some where around 18000 or more. In total, the CDC estimates that up to 42.9 million people got sick during the 2018-2019 flu season, 647,000 people were‚Ä¶ https://t.co/EuvJPfGUW8",F,,
"Do Darr GYA woh Mar gya...

Pakistani people strong and undefeatable...

Darna Nai Larna Hai üí™ with Powerful energy drink.. Take vitamin C in daily basis.

powerfullenergydrink #energydrink #vitaminc #corona‚Ä¶ https://t.co/4NvsCFwaL1",F,,
"üáµüá∞ Pakistan

#Covid19: Slow spreading and improving rapidly, contagion. Est. 0.01% of pop. infected. Peak daily deaths of 120,184 in 64 days. Danger of losing control. Proj. death toll 1,131,665 in ~86 days.

üïõ 21/04

1/4",F,,
"üáµüá∞ Pakistan: ‚ú®üîπ‚ú®‚ú®‚ú®‚ö™üîπ‚ú®‚ú®üîπ

Official cases: 8,418 = 38.11/M
Est. cases: 22,540 = 102.04/M
Change: 70 = 1%

Deaths: 176 = 0.80/M
Change: 8 = 5%

Mort.: 2.09%

üë®üèΩ‚Äç‚öïÔ∏èBreathing: https://t.co/5Wesp6gEJf
üßòüèª https://t.co/1c00guckaR

üïõ 21/04

2/4 https://t.co/e98nivciYk",F,,
"Covid-19 prevention = strong immunity = vitamin C in surplus. Here are sampled foods for more intake of iron and vitamin C .
.
.
.
.
.
.
.

So when are you taking the initiative to change yourself and be the best.‚Ä¶ https://t.co/qK8nftoW8d",F,,
I have seen so many videos about #Corona remedies. then i start do some research about the cure which all the people talking about. then i decided to tell you about the 100% cure of #corona #covid19 within 2 days..‚Ä¶ https://t.co/vEoHYLCPOf,F,,
"Necessary item to carry these days. #PANADOL 
#COVID19 #CORONAVIRUS #COVID_19 #Pandemic #Corona #Virus #Basic #Treatment #Pocket #Goggles #SunGlasses #CarKey #Civic @ Liberty Market Lahore https://t.co/tKZPIpXIKS",F,,
"#DontStayAtHome üòÇ we are here in hosp waiting to give u a warm welcome

#Covid19 
#StayHome 
#FrontLineHeroes
#Doctor
#HealthIsWealth
#friendsforever
#housejobDiariesüìù 
#housejobDays @ Department of Neurosurgery - PIMS https://t.co/hx9pDrtnsa",F,,
"Quranic ayat for corona virusSwipeüîôüîôüîôüîô do Share‚ÜóÔ∏è
üîñüìéüìåtag friends, family and anyone that can benefit. 
This would be Sadqa e Jaria for you and me. JAZAAK ALLAH KHAIR.‚Å£‚Å£
‚Å£‚Å£
The Prophet Muhammad Ô∑∫ said: ""The one who‚Ä¶ https://t.co/ir1aOBUg93",F,,
"Humanity Dies Today üò©üò¢üò©
#covid19 #covidkindness @ Khanpur https://t.co/jot5kwPYrK",F,,
"üì£#good #news ‚ô•Ô∏èüáµüá∞‚ô•Ô∏è for tourists.. KP Government open all tourism spots and allow tourist even foreigners to visit different places with SOPs ..For foreigners #covid_19 test is must.

üíöinsta @usmanaa_‚Ä¶ https://t.co/SdoXZEvbyC",F,,
"August 5th marks a year of brutal lockdown across the occupied valley of Kashmir. With no communication with the world outside and access basic amenities curtailed, the ""Heaven on earth"" has seen days for worse‚Ä¶ https://t.co/0cUPPox2wv",F,,
"LOCKDOWN Impact: Covid-19; Pandemic, solely restricted movements, especially those residing in cantonments, my friend Syed Ijaz Kaleem Ullah Shah Kazmi, Principal, Government Boys High School, (HIT), Taxila‚Ä¶ https://t.co/C9w4VeZdWF",F,,
"To know Covid-19 In Pakistan Today and Overall Report click below link
https://t.co/KXsFf8RBSL
#Pakistan #Covid-19 #growpakistanis @ Lahore, Pakistan https://t.co/SjorEG7pel",F,,
"""Askari Bank‚Äôs Profits Grew 58% in Jan-June 2020""
Askari Bank Limited has recorded a staggering profit growth of 58% in the first half of 2020 compared with a similar period of last year despite the COVID-19 outbreak‚Ä¶ https://t.co/ul2yILwgyd",F,,
"Bill gates and Qamar Javed Bajwa telephonic call and talk on this covid-19 epidemic situation and polio.
#growpakistanis #pakistan #propakistani #billgates #bajwah @ Lahore, Pakistan https://t.co/Z7rgF6omGC",F,,
"Pakistan Registers a Record Increase in Fruit &amp; Vegetable Exports Despite COVID-19.
Pakistan's Eports going better, for more click here:‚Ä¶ https://t.co/HxvQu4TcD5",F,,
"August 5th marks a year of brutal lockdown across the occupied valley of Kashmir. With no communication with the world outside and access basic amenities curtailed, the ""Heaven on earth"" has seen days for worse‚Ä¶ https://t.co/0cUPPox2wv",F,,
"To know Covid-19 In Pakistan Today and Overall Report click below link
https://t.co/KXsFf8RBSL
#Pakistan #Covid-19 #growpakistanis @ Lahore, Pakistan https://t.co/SjorEG7pel",F,,
"""Askari Bank‚Äôs Profits Grew 58% in Jan-June 2020""
Askari Bank Limited has recorded a staggering profit growth of 58% in the first half of 2020 compared with a similar period of last year despite the COVID-19 outbreak‚Ä¶ https://t.co/ul2yILwgyd",F,,
"Pakistan Registers a Record Increase in Fruit &amp; Vegetable Exports Despite COVID-19.
Pakistan's Eports going better, for more click here:‚Ä¶ https://t.co/HxvQu4TcD5",F,,
"In Pakistan, schools will be closed from November 24 to 10 January  due to corona virus.
#covid_19 #coronavirus #cornavirus #coronaviruspakistan
#school #schoolclosed #college #university #closed #lackdown @ Pakistan https://t.co/zD90nF6Hm6",F,,
"Use These Things To Get Save From Corona 
#staysafe #stayhome #coronavirus @ Karachi, Pakistan https://t.co/4ZKqkiB5Jw",F,,
"Ignorance is blessing, Another Scientist on Corona Virus. @ Lahore, Pakistan https://t.co/PWvun64u5v",F,,
"This Is How #coronavirus Attack On #Peoples #wearamask #washhands #stayhome #staysafe @ Karachi, Pakistan https://t.co/B9Incjby80",F,,
"Times travel travel agency Lahore Pakistan. 
Covid 19 have destroyed the business especially small &amp; medium.
 If this virus could have been detected 200 years ago no one could have been bothered. @ Times Travel Lahore https://t.co/cEQUHtLQb2",F,,
"Vaccination has saved millions of lifes of people around the world. Fever, pain on site of immunization and head aches or rashes are minor side effects. #Vaccineswork  #vaccine #health #healthcare https://t.co/tCDCIoqHZL",F,,
"Local Transmission of COVID-19 cases constitutes 50 percent of total 676 cases
KARACHI (April 1): The number of corona virus cases in the province has reached to 676, including 274 in Karachi and 338 of local‚Ä¶ https://t.co/4H6AggIttt",T,,
The Government of Pakistan brings yet another revolutionary service for its people. Whatsapp Corona Helpline in 7 local languages. NHSRC &amp; Digital Pakistan collaborated to bring awareness and education to all‚Ä¶ https://t.co/W1jbjtbf23,T,,
"#stayhome #coronavirus #update 

00:10 April 01, 2020 

180 new cases in #Pakistan and 
01 #death 

Started #Free #online #consultation for self suspected #patients of #coronavirus 

Introducing self #corona check‚Ä¶ https://t.co/GUiZWDSDUp",T,,
"Fasla Rakhain warna #Corona Hojayega
""Keep distance or else you'll get Corona""

This message was brought to you by #Pakistan #truckart @ Islamabad, Pakistan https://t.co/ynVvnYGqvv",T,,
"STAY HOME 
STAY SAFE

Corona Virus is spreading all over the world.

 Please help each other in stopping the spread of this virus. 

Restrict yourself for self quarantine for 14 days.

#covid_19 #helpingothers‚Ä¶ https://t.co/8os2mbiOF6",T,,
"Damn true-Stay at your homes-Stay safe
#corona #coronastopkarona #staysafe  #bhaihazirhai #alizafar @ Karachi, Pakistan https://t.co/zDCYglkDKs",T,,
"Sindh Chief Minister Syed Murad Ali urges philanthropist to donate for coronavirus patients in Govt. Of Sindh Corona Emergency Fund,  Sindh Bank, A/C 03015594456100 @ Sindh https://t.co/b15gRQnd6x",T,,
"How you can fight with Corona virus?
As everyone know that the Corona virus is spreading in all over the world and we just have to keep us save from this virus. So here are some guidance to keep yourself safe.
Do‚Ä¶ https://t.co/cicJpD5WnE",T,,
"Pakistan Telecommunication Authority under the directives circulated a press release regarding Corona Virus SMS alert under the name ""Coronaalert"" to those who came in close contact with the affected to reach out‚Ä¶ https://t.co/cl8QZIZHQL",T,,
"Stay Home to Help Protect Your Loved Ones to Stop Spread of Novel Corona Covid-19.

#stayhome
#stopcoronavirus‚õîÔ∏è
#stopcorona
#reducesocialcontacts
#fightcorona
#staysafe
#stayhomestaysafe
#covid19 #coronavirus‚Ä¶ https://t.co/EJ6FBMyk2N",T,,
"#stayhome #coronavirus #update 

22:00 March 26, 2020 

159 new cases in #Pakistan and 
01 #death 

Started #Free #online #consultation for self suspected #patients of #coronavirus 

Introducing self #corona check‚Ä¶ https://t.co/wMZkLz023h",T,,
"#stayhome #coronavirus #update 

22:15 March 26, 2020 

159 new cases in #Pakistan and 
01 #death 

Started #Free #online #consultation for self suspected #patients of #coronavirus 

Introducing self #corona check‚Ä¶ https://t.co/5k6vR1oSqt",T,,
"#stayhome #coronavirus #update 

00:30 March 28, 2020 

159 new cases in #Pakistan and 
01 #death 

Started #Free #online #consultation for self suspected #patients of #coronavirus 

Introducing self #corona check‚Ä¶ https://t.co/yxNDEqtpV5",T,,
"#breakingnews #coronavirus  SELF ASSESSMENT TEST only on HealthSolutions App First Time in World AI based mobile self assessment #corona diagnostic test #StayHome &amp; #StaySafe

Download in #Android from‚Ä¶ https://t.co/f69PNKKpWF",T,,
"Unsung heroes üòì
.
Stay home, stay safe.
.
Social distancing is the only preventive measure that can protect you and your family from this virus. 
.
Virus won‚Äôt enter your home unless you bring it. 
.
.
#corona‚Ä¶ https://t.co/gHqEQygQkb",T,,
"There‚Äôs currently no vaccine to prevent coronavirus disease, You can protect yourself and help prevent spreading the virus to others, stay safe

#coronavirus #staysafe

@CoronaIndia corona.pakistan who @ Rawat Islamabad https://t.co/3EDGL3V3Dv",T,,
"Local Transmission of COVID-19 cases constitutes 50 percent of total 676 cases
KARACHI (April 1): The number of corona virus cases in the province has reached to 676, including 274 in Karachi and 338 of local‚Ä¶ https://t.co/4H6AggIttt",T,,
The Government of Pakistan brings yet another revolutionary service for its people. Whatsapp Corona Helpline in 7 local languages. NHSRC &amp; Digital Pakistan collaborated to bring awareness and education to all‚Ä¶ https://t.co/W1jbjtbf23,T,,
"#stayhome #coronavirus #update 

00:10 April 01, 2020 

180 new cases in #Pakistan and 
01 #death 

Started #Free #online #consultation for self suspected #patients of #coronavirus 

Introducing self #corona check‚Ä¶ https://t.co/GUiZWDSDUp",T,,
"SPARC with the support of commonwealthoflearning distributed ration bags among the poor communities of Karachi to tide over the corona crisis. #covid19 #pandemic #lockdown #SPARC @GIRLSInspire_ @ Karachi, Pakistan https://t.co/OY7LdlBsh1",T,,
"Follow below instructions are very strictly become safe from #covid_19 .
#Stay #home #staysafe #corona #coronavirusoutbreak #Precautions #standforpakistan @ Zafar Abad Colony, D.i.khan https://t.co/RjptnF6jsg",T,,
"Karachi: (April 23rd, 2020) Sindh Chief Minister Syed Murad Ali Shah inaugurates  Aga Khan University Hospital COVID-19 Testing Zone through video link from CM House. @ Saddar Town https://t.co/GdLCiUjVnZ",T,,
"Karachi (April, 23rd, 2020): Sindh Chief Minister through video messages shares coronavirus status in Sindh. @ Saddar Town https://t.co/1Fo9rMJBxC",T,,
"Karachi (April, 23rd, 2020): Sindh Chief Minister through video messages shares coronavirus status in Sindh. @ Saddar Town https://t.co/UopHKAkCiy",T,,
"Karachi: (April 26th, 2020) Sindh Chief Minister Syed Murad Ali Shah discloses daily coronavirus situation report through his video message. @ Karachi, Pakistan https://t.co/rw462b8vKJ",T,,
Cases of Covid-19 Street #4 sealed in Sector J Sheikh Maltoon town mardan @ Sheikh Maltoon Town Mardan https://t.co/OQAFs2AoxA,T,,
"Karachi: (April 28th, 2020) Sindh Chief Minister Syed Murad Ali Shah discloses daily coronavirus situation report through his video message. @ Saddar Town https://t.co/NGXBYLDjRL",T,,
"Karachi: (April 29th, 2020): Sindh Chief Minister Syed Murad Ali Shah discloses daily coronavirus situation report through his video message. @ Saddar Town https://t.co/FJ3UjQapTY",T,,
"Its not even mid-2020 and we've lost Kobe Bryant, Irrfan Khan, Rishi Kapoor, 228,500+ (so far) people due to coronavirus and the count is not stopping. Remember the times when we were‚Ä¶ https://t.co/NK0NLKRldx",T,,
"Wash your hands, social distancing, wear masks! üêíüßºü§≤üèªüòÅ #weekend #sunday #sundayfunday #sundaymood #lockdown #quarantine #pandemic #covid_19 #coronavirus #stayhome #staysafe #washyourhands #socialdistancing #home‚Ä¶ https://t.co/vct9j3n5G0",T,,
"While the lockdown has been eased to a large extent, one cannot possibly deny the threat of COVID19 that is still out there, requiring us to be more cautious. There are growing apprehensions about what would happen‚Ä¶ https://t.co/bhJBBwks1w",T,,
"EASE OF LOCKDOWN IN PAKISTAN.  

A reminder to everyone: please don't get complacent about Corona just because there's been ease of lockdown.  

Limiting face-to-face contact with others is the only way to‚Ä¶ https://t.co/tyKdBdPLwf",T,,
"For Your information!  
.
.
#travel #COVID19 #coronavirus #covid_19 @ Pakistan https://t.co/NqusZbCP9g",T,,
"#DidYouKnow
Corona can survive on surfaces for multiple hours. Get educated about it and clean your hands and frequently touched surfaces properly.
#StayHome #StayClean #StaySafe #CovidUpdate #covid_19 #Pandemic‚Ä¶ https://t.co/DYElqyLW46",T,,
"Message from #sectraryhealth 
Chicken meat is not infected by  #coronavirus. There is a #fakenews in circulation. #COVID19 Please share this video.

#skbakes #COVID19 #education #sectraryhealth‚Ä¶ https://t.co/WHuvmvDu71",T,,
"Covid 19 Islamabad
Yesterday it was 3544
Today it's 3946
Increase of 402 confirmed cases in one day. @ E-11/2 Islamabad https://t.co/MWHQbZ2iBW",T,,
"#Pakistan Prime Minister #imrankhan ensures maintaining #SocialDistancing in these coronial times

#StayHomeSaveLives #CoronaVirusPakistan #SocialDistancing #CoronavirusPandemic #CoronaUpdate #Covid_19 #haha @ DHA‚Ä¶ https://t.co/mln7Zh8JYR",T,,
"Justajoo has created a 24/7 helpline for Corona Virus patients to contact for Plasma, Injections and Medical Equipment. 

If you know anyone who has recovered from Corona Virus, please help us in connecting with‚Ä¶ https://t.co/aVfySJRuzJ",T,,
"The World Health Organization has recommended Pakistani authorities reimpose ""intermittent lockdowns"" of targeted areas to curb the spread of the novel coronavirus, stating the country did not meet the global body's‚Ä¶ https://t.co/lDDJStMRM9",T,,
"#wearamask 
#stayhome
#stayhealthy 
#covid19 @ Emporium Mall https://t.co/WE33ZBZBNp",T,,
"CoronaVirus Safety Tips 
Staycare Satyhealthy. @ GAMCA Office Lahore https://t.co/OznscNsnOA",T,,
"Corona ki news purani hogai hai but guys its not gone! Its increasing day by day and its shocking to see how pakistanis are so chill about it! 
No masks when in markets, nothing like social distancing and mazay ki‚Ä¶ https://t.co/rJSav7RLIX",T,,
"Difference btwn PCR and Antibody testing.

PCR is diagnostic but antibodies tell us if we had infection and developed antibodies!!!

Agar apko lagta hai corona hai tu PCR karwain!!!

urdu hindi covid19

#covid19‚Ä¶ https://t.co/GWyeFNe644",T,,
"Seven more Pakistan cricketers, including Mohammad Hafeez and Wahab Riaz, selected for the tour of England have tested positive for COVID-19, taking the total to 10, the PCB revealed on Tuesday.

Coronavirus‚Ä¶ https://t.co/MlE0i2mxb6",T,,
"CoronaVirus Safety Tips,
StayCare #stayhome @ GAMCA Health Organization https://t.co/mMgBBL1iWK",T,,
"Sometimes life seems so easy, but a lot of the time, especially in lockdown, it can seem pretty overwhelming. It has been revealed that almost a quarter of adults living under lockdown in the UK have felt loneliness,‚Ä¶ https://t.co/tPyrnhz3xc",T,,
"Hello everyone. Hope u all r in your best of healthüëç. Glad to see that the Covid cases are declining and the number of recovered patients are growing. Slowly and gradually life is coming back to normal.
So now let's‚Ä¶ https://t.co/OqzHk8aJYX",T,,
"Karachi: (July 1st, 2020) Sindh Chief Minister Syed Murad Ali Shah visits Down University Hospital converter into Infectious Disease Hospital to treat COVID-19 patients. Minister Health Dr Azra Pechuho, VC Dow‚Ä¶ https://t.co/x6V9zbXoOn",T,,
"Karachi: (July 1st, 2020) Sindh Chief Minister Syed Murad Ali Shah visits Down University Hospital converter into Infectious Disease Hospital to treat COVID-19 patients. Minister Health Dr Azra Pechuho, VC Dow‚Ä¶ https://t.co/VTY6YYbXhf",T,,
"Karachi: (July 1st, 2020) Mr Sang Hyeon Lee Director Lottee Chemical Pakistan Ltd hands over COVID-19 kits and PPEs to Sindh Chief Minister Syed Murad Ali Shah here at CM House. @ Chief Minister House https://t.co/kFy3SgBdLu",T,,
"Karachi: (July 1st, 2020) Mr Sang Hyeon Lee Director Lottee Chemical Pakistan Ltd hands over COVID-19 kits and PPEs to Sindh Chief Minister Syed Murad Ali Shah here at CM House. @ Chief Minister House https://t.co/u4jK77FeME",T,,
"Karachi: (July 1st, 2020) Mr Sang Hyeon Lee Director Lottee Chemical Pakistan Ltd hands over COVID-19 kits and PPEs to Sindh Chief Minister Syed Murad Ali Shah here at CM House. @ Chief Minister House https://t.co/AL2Le0mEGN",T,,
"COVID-19 claims 22 more lives, infects 1736 others: Murad Shah
KARACHI (July 8): Sindh Chief Minister Syed Murad Ali Shah has said that COVID-19 infected 1736 other people raising the tally to 99362 and claimed 22‚Ä¶ https://t.co/vz224B8V14",T,,
"certificate for Prone Positioning in Patients with COVID-19 From Theory to Practice organised by Departments of Anaesthesiology, Medicine, Continuing Professional Education, and Educational Development, AKU;
in‚Ä¶ https://t.co/FN72QCNcG2",T,,
"Sister Ruth Lewis, incharge at the Darul Sukoon organisation in Karachi, passed away from the novel coronavirus at the Aga Khan University Hospital Monday night, the organisation said in a statement on Tuesday. She‚Ä¶ https://t.co/ZfQAPcI12o",T,,
"5 Steps to BEAT Covid-19.....!
#FollowForHealth‚ù§Ô∏è
#FollowForPakistanüáµüá∞

1- Wear Mask üò∑
2- Wash Hands üëê
3- Use Sanitizer üß§
4- Work At Home üè°
5- Social Distancing üéóÔ∏è

Follow Us For Real Estate Updates.

For Best‚Ä¶ https://t.co/1PJnsPlles",T,,
"""Govt Honors Overseas Pakistanis For Their Efforts Against The #Coronavirus Pandemic"" to Shah Mahmood Qureshi sahb.
@GrowPakistanis @ProPakistaniPK @ Lahore, Pakistan https://t.co/aWPDS486br",T,,
"Punjab Launches Smart Swab Sampling Campaign to Detect New Coronavirus Cases.
#Punjab #smart_swab #smart #coronavirus #campaign #samples #sampling #pakistan #indian @ Lahore, Pakistan https://t.co/M0Q1VVZF7Z",T,,
"#Coronavirus: According to the head of the #WorldHealthOrganization, it may take two years to eradicate the #coronaepidemic #who #wholesale #covid19 #covid_19 #whole30 #word #worldhealthorganization @ Lahore, Pakistan https://t.co/uP04aZzpUs",T,,
"#UsainBolt, the fastest man alive, tests positive for coronavirus;
The eight-time #Olympic gold medalist is self-isolating at his home in Jamaica after celebrating his 34th birthday last week with a big mask-free‚Ä¶ https://t.co/ybVYGBI2hK",T,,
"Karachi: (July 1st, 2020) Sindh Chief Minister Syed Murad Ali Shah visits Down University Hospital converter into Infectious Disease Hospital to treat COVID-19 patients. Minister Health Dr Azra Pechuho, VC Dow‚Ä¶ https://t.co/x6V9zbXoOn",T,,
"Karachi: (July 1st, 2020) Sindh Chief Minister Syed Murad Ali Shah visits Down University Hospital converter into Infectious Disease Hospital to treat COVID-19 patients. Minister Health Dr Azra Pechuho, VC Dow‚Ä¶ https://t.co/VTY6YYbXhf",T,,
"Karachi: (July 1st, 2020) Mr Sang Hyeon Lee Director Lottee Chemical Pakistan Ltd hands over COVID-19 kits and PPEs to Sindh Chief Minister Syed Murad Ali Shah here at CM House. @ Chief Minister House https://t.co/kFy3SgBdLu",T,,
"Karachi: (July 1st, 2020) Mr Sang Hyeon Lee Director Lottee Chemical Pakistan Ltd hands over COVID-19 kits and PPEs to Sindh Chief Minister Syed Murad Ali Shah here at CM House. @ Chief Minister House https://t.co/u4jK77FeME",T,,
"Karachi: (July 1st, 2020) Mr Sang Hyeon Lee Director Lottee Chemical Pakistan Ltd hands over COVID-19 kits and PPEs to Sindh Chief Minister Syed Murad Ali Shah here at CM House. @ Chief Minister House https://t.co/AL2Le0mEGN",T,,
"COVID-19 claims 22 more lives, infects 1736 others: Murad Shah
KARACHI (July 8): Sindh Chief Minister Syed Murad Ali Shah has said that COVID-19 infected 1736 other people raising the tally to 99362 and claimed 22‚Ä¶ https://t.co/vz224B8V14",T,,
"certificate for Prone Positioning in Patients with COVID-19 From Theory to Practice organised by Departments of Anaesthesiology, Medicine, Continuing Professional Education, and Educational Development, AKU;
in‚Ä¶ https://t.co/FN72QCNcG2",T,,
"To prevent the spread of COVID-19:

Clean your hands often. Use soap and water, or an alcohol-based hand rub.

Maintain a safe distance from anyone who is coughing or sneezing.

Wear a mask when physical distancing‚Ä¶ https://t.co/K3CiBnjdEV",T,,
"Sister Ruth Lewis, incharge at the Darul Sukoon organisation in Karachi, passed away from the novel coronavirus at the Aga Khan University Hospital Monday night, the organisation said in a statement on Tuesday. She‚Ä¶ https://t.co/ZfQAPcI12o",T,,
"5 Steps to BEAT Covid-19.....!
#FollowForHealth‚ù§Ô∏è
#FollowForPakistanüáµüá∞

1- Wear Mask üò∑
2- Wash Hands üëê
3- Use Sanitizer üß§
4- Work At Home üè°
5- Social Distancing üéóÔ∏è

Follow Us For Real Estate Updates.

For Best‚Ä¶ https://t.co/1PJnsPlles",T,,
"Bill gates and Qamar Javed Bajwa telephonic call and talk on this covid-19 epidemic situation and polio.
#growpakistanis #pakistan #propakistani #billgates #bajwah @ Lahore, Pakistan https://t.co/Z7rgF6omGC",T,,
"""Govt Honors Overseas Pakistanis For Their Efforts Against The #Coronavirus Pandemic"" to Shah Mahmood Qureshi sahb.
@GrowPakistanis @ProPakistaniPK @ Lahore, Pakistan https://t.co/aWPDS486br",T,,
"Punjab Launches Smart Swab Sampling Campaign to Detect New Coronavirus Cases.
#Punjab #smart_swab #smart #coronavirus #campaign #samples #sampling #pakistan #indian @ Lahore, Pakistan https://t.co/M0Q1VVZF7Z",T,,
"#Coronavirus: According to the head of the #WorldHealthOrganization, it may take two years to eradicate the #coronaepidemic #who #wholesale #covid19 #covid_19 #whole30 #word #worldhealthorganization @ Lahore, Pakistan https://t.co/uP04aZzpUs",T,,
"#UsainBolt, the fastest man alive, tests positive for coronavirus;
The eight-time #Olympic gold medalist is self-isolating at his home in Jamaica after celebrating his 34th birthday last week with a big mask-free‚Ä¶ https://t.co/ybVYGBI2hK",T,,
COVID-19 Visualizer https://t.co/tpy1PANDdu,T,,
"Latest: CM Punjab tested positive for COVID19. 
#COVID19 #usmanbuzdar #CMPunjab #punjab @ Lahore, Pakistan https://t.co/6I78J17En9",T,,
,,,
,,,
,,,
,,,
,,,
,,,
,,,
,,,
,,,
,,,
,,,
,,,
,,,
,,,
,,,
,,,
,,,
,,,
,,,
,,,
,,,
,,,
,,,
,,,
,,,
,,,
,,,
,,,
,,,
,,,
,,,
,,,
,,,
,,,
,,,
,,,
,,,
,,,
,,,
,,,
,,,
,,,
,,,
,,,
,,,
,,,
,,,
,,,
,,,
,,,
,,,
,,,
,,,
,,,
,,,
,,,
,,,
,,,
,,,
,,,
,,,
,,,
,,,
,,,
,,,
,,,
,,,
,,,
,,,
,,,
,,,
,,,
,,,
,,,
,,,
,,,
,,,
,,,
,,,
,,,
,,,
,,,
,,,
,,,
,,,
,,,
,,,
,,,
,,,
,,,
,,,
,,,
,,,
,,,
,,,
,,,
,,,
,,,
,,,
,,,
,,,
,,,
,,,
,,,
,,,
,,,
,,,
,,,
,,,
,,,
,,,
,,,
,,,
,,,
,,,
,,,
,,,
,,,
,,,
,,,
,,,
,,,
,,,
,,,
,,,
,,,
,,,
,,,
,,,
,,,
,,,
,,,
,,,
,,,
,,,
,,,
,,,
,,,
,,,
,,,
,,,
,,,
,,,
,,,
,,,
,,,
,,,
,,,
,,,
,,,
,,,
,,,
,,,
,,,
,,,
,,,
,,,
,,,
,,,
,,,
,,,
,,,
,,,
,,,
,,,
,,,
,,,
,,,
,,,
,,,
,,,
,,,
,,,
,,,
,,,
,,,
,,,
,,,
,,,
,,,
,,,
,,,
,,,
,,,
,,,
,,,
,,,
,,,
,,,
,,,
,,,
,,,
,,,
,,,
,,,
,,,
,,,
,,,
,,,
,,,
,,,
,,,
,,,
,,,
,,,
,,,
,,,
,,,
,,,
,,,
,,,
,,,
,,,
,,,
,,,
,,,
,,,
,,,
,,,
,,,
,,,
,,,
,,,
,,,
,,,
,,,
,,,
,,,
,,,
,,,
,,,
,,,
,,,
,,,
,,,
,,,
,,,
,,,
,,,
,,,
,,,
,,,
,,,
,,,
,,,
,,,
,,,
,,,
,,,
,,,
,,,
,,,
,,,
,,,
,,,
,,,
,,,
,,,
,,,
,,,
,,,
,,,
,,,
,,,
,,,
,,,
,,,
,,,
,,,
,,,
,,,
,,,
,,,
,,,
,,,
,,,
,,,
,,,
,,,
,,,
,,,
,,,
,,,
,,,
,,,
,,,
,,,
,,,
,,,
,,,
,,,
,,,
,,,
,,,
,,,
,,,
,,,
,,,
,,,
,,,
,,,
,,,
,,,
,,,
,,,
,,,
,,,
,,,
,,,
,,,
,,,
,,,
,,,
,,,
,,,
,,,
,,,
,,,
,,,
,,,
,,,
,,,
,,,
,,,
,,,
,,,
,,,
,,,
,,,
,,,
,,,
,,,
,,,
,,,
,,,
,,,
,,,
,,,
,,,
,,,
,,,
,,,
,,,
,,,
,,,
,,,
,,,
,,,
,,,
,,,
,,,
,,,
,,,
,,,
,,,
,,,
,,,
,,,
,,,
,,,
,,,
,,,
,,,
,,,
,,,
,,,
,,,
,,,
,,,
,,,
,,,
,,,
,,,
,,,
,,,
,,,
,,,
,,,
,,,
,,,
,,,
,,,
,,,
,,,
,,,
,,,
,,,
,,,
,,,
,,,
,,,
,,,
,,,
,,,
,,,
,,,
,,,
,,,
,,,
,,,
,,,
,,,
,,,
,,,
,,,
,,,
,,,
,,,
,,,
,,,
,,,
,,,
,,,
,,,
,,,
,,,
,,,
,,,
,,,
,,,
,,,
,,,
,,,
,,,
,,,
,,,
,,,
,,,
,,,
,,,
,,,
,,,
,,,
,,,
,,,
,,,
,,,
,,,
,,,
,,,
,,,
,,,
,,,
,,,
,,,
,,,
,,,
,,,
,,,
,,,
,,,
,,,
,,,
,,,
,,,
,,,
,,,
,,,
,,,
,,,
,,,
,,,
,,,
,,,
,,,
,,,
,,,
,,,
,,,
,,,
,,,
,,,
,,,
,,,
,,,
,,,
,,,
,,,
,,,
,,,
,,,
,,,
,,,
,,,
,,,
,,,
,,,
,,,
,,,
,,,
,,,
,,,
,,,
,,,
,,,
,,,
,,,
,,,
,,,
,,,
,,,
,,,
,,,
,,,
,,,
,,,
,,,
,,,
,,,
,,,
,,,
,,,
,,,
,,,
,,,
,,,
,,,
,,,
,,,
,,,
,,,
,,,
,,,
,,,
,,,
,,,
,,,
,,,
,,,
,,,
,,,
,,,
,,,
,,,
,,,
,,,
,,,
,,,
,,,
,,,
,,,
,,,
,,,
,,,
,,,
,,,
,,,
,,,
,,,
,,,
,,,
,,,
,,,
,,,
,,,
,,,
,,,
,,,
,,,
,,,
,,,
,,,
,,,
,,,
,,,
,,,
,,,
,,,
,,,
,,,
,,,
,,,
,,,
,,,
,,,
,,,
,,,
,,,
,,,
,,,
,,,
,,,
,,,
,,,
,,,
,,,
,,,
,,,
,,,
,,,
,,,
,,,
,,,
,,,
,,,
,,,
,,,
,,,
,,,
,,,
,,,
,,,
,,,
,,,
,,,
,,,
,,,
,,,
,,,
,,,
,,,
,,,
,,,
,,,
,,,
,,,
,,,
,,,
,,,
,,,
,,,
,,,
,,,
,,,
,,,
,,,
,,,
,,,
,,,
,,,
,,,
,,,
,,,
,,,
,,,
,,,
,,,
,,,
,,,
,,,
,,,
,,,
,,,
,,,
,,,
,,,
,,,
,,,
,,,
,,,
,,,
,,,
,,,
,,,
,,,
,,,
,,,
,,,
,,,
,,,
,,,
,,,
,,,
,,,
,,,
,,,
,,,
,,,
,,,
,,,
,,,
,,,
,,,
,,,
,,,
,,,
,,,
,,,
,,,
,,,
,,,
,,,
,,,
,,,
,,,
,,,
,,,
,,,
,,,
,,,
,,,
,,,
,,,
,,,
,,,
,,,
,,,
,,,
,,,
,,,
,,,
,,,
,,,
,,,
,,,
,,,
,,,
,,,
,,,
,,,
,,,
,,,
,,,
,,,
